{
  "cnn_lstm": {
    "model": "CNN-LSTM",
    "rmse": 35.94341153824735,
    "mae": 28.480085372924805,
    "r2": 0.8558446168899536
  },
  "xgboost": {
    "model": "XGBoost",
    "rmse": 32.15042995800173,
    "mae": 26.11781883239746,
    "r2": 0.8846637606620789
  },
  "ensemble": {
    "model": "Ensemble (CNN-LSTM + XGBoost)",
    "rmse": 33.000214547124536,
    "mae": 26.832338333129883,
    "r2": 0.878486156463623
  }
}