region,mean_hcho,max_hcho,n_hcho_points,total_frp,fire_count
Central India,0.00018304,0.000254,313,58403.6,16205
Northwest India,0.00016871,0.0002723,103,6936.1,1390
Indo-Gangetic Plain,0.00016656,0.00036862,554,124518.3,26017
Deccan Plateau,0.00016371,0.00022716,329,24449.6,6086
Coastal Western,0.00014145,0.00032813,558,5081.2,1279
Other,0.00010838,0.00027988,2866,27636.2,10417
Northeast India,0.00010701,0.00024513,246,2069.4,699
